<?xml version="1.0" encoding="UTF-8"?>
<!-- Created with TexturePacker http://texturepacker.com-->
<!-- $TexturePacker:SmartUpdate:135537addc2564d0e3549eb6aa363627$ -->
<TextureAtlas imagePath="aeon.png">
    <SubTexture name="arial_0" x="19" y="85" width="256" height="28" frameX="0" frameY="0" frameWidth="256" frameHeight="64"/>
    <SubTexture name="button-disabled-skin" x="166" y="55" width="82" height="22"/>
    <SubTexture name="button-down-skin" x="217" y="3" width="82" height="22"/>
    <SubTexture name="button-hover-skin" x="147" y="29" width="82" height="22"/>
    <SubTexture name="button-selected-disabled-skin" x="303" y="3" width="64" height="22"/>
    <SubTexture name="button-selected-down-skin" x="301" y="29" width="64" height="22"/>
    <SubTexture name="button-selected-hover-skin" x="252" y="55" width="64" height="22"/>
    <SubTexture name="button-selected-up-skin" x="233" y="29" width="64" height="22"/>
    <SubTexture name="button-up-skin" x="61" y="29" width="82" height="22"/>
    <SubTexture name="check-disabled-icon" x="396" y="57" width="14" height="14"/>
    <SubTexture name="check-down-icon" x="388" y="83" width="14" height="14"/>
    <SubTexture name="check-hover-icon" x="407" y="3" width="14" height="14"/>
    <SubTexture name="check-selected-disabled-icon" x="405" y="21" width="14" height="14"/>
    <SubTexture name="check-selected-down-icon" x="394" y="39" width="14" height="14"/>
    <SubTexture name="check-selected-hover-icon" x="378" y="65" width="14" height="14"/>
    <SubTexture name="check-selected-up-icon" x="370" y="109" width="14" height="14"/>
    <SubTexture name="check-up-icon" x="370" y="91" width="14" height="14"/>
    <SubTexture name="grouped-list-header-background-skin" x="11" y="85" width="4" height="30"/>
    <SubTexture name="header-background-skin" x="3" y="86" width="4" height="30"/>
    <SubTexture name="horizontal-scroll-bar-decrement-button-icon" x="73" y="117" width="4" height="7" frameX="0" frameY="0" frameWidth="6" frameHeight="7"/>
    <SubTexture name="horizontal-scroll-bar-increment-button-icon" x="65" y="117" width="4" height="7" frameX="-2" frameY="0" frameWidth="6" frameHeight="7"/>
    <SubTexture name="horizontal-scroll-bar-step-button-disabled-skin" x="297" y="100" width="14" height="15"/>
    <SubTexture name="horizontal-scroll-bar-step-button-down-skin" x="297" y="81" width="14" height="15"/>
    <SubTexture name="horizontal-scroll-bar-step-button-hover-skin" x="279" y="100" width="14" height="15"/>
    <SubTexture name="horizontal-scroll-bar-step-button-up-skin" x="279" y="81" width="14" height="15"/>
    <SubTexture name="horizontal-scroll-bar-thumb-down-skin" x="425" y="3" width="52" height="13" frameX="0" frameY="0" frameWidth="52" frameHeight="15"/>
    <SubTexture name="horizontal-scroll-bar-thumb-hover-skin" x="423" y="21" width="52" height="13" frameX="0" frameY="0" frameWidth="52" frameHeight="15"/>
    <SubTexture name="horizontal-scroll-bar-thumb-icon" x="3" y="120" width="7" height="5"/>
    <SubTexture name="horizontal-scroll-bar-thumb-up-skin" x="412" y="39" width="52" height="13" frameX="0" frameY="0" frameWidth="52" frameHeight="15"/>
    <SubTexture name="horizontal-scroll-bar-track-skin" x="315" y="81" width="4" height="15"/>
    <SubTexture name="hslider-thumb-disabled-skin" x="479" y="37" width="13" height="13"/>
    <SubTexture name="hslider-thumb-down-skin" x="496" y="20" width="13" height="13"/>
    <SubTexture name="hslider-thumb-hover-skin" x="479" y="20" width="13" height="13"/>
    <SubTexture name="hslider-thumb-up-skin" x="481" y="3" width="13" height="13"/>
    <SubTexture name="hslider-track-skin" x="154" y="117" width="79" height="3"/>
    <SubTexture name="item-renderer-hover-skin" x="146" y="117" width="4" height="4"/>
    <SubTexture name="item-renderer-selected-up-skin" x="138" y="117" width="4" height="4"/>
    <SubTexture name="item-renderer-up-skin" x="130" y="117" width="4" height="4"/>
    <SubTexture name="list-accessory-drill-down-icon" x="48" y="117" width="4" height="8"/>
    <SubTexture name="page-indicator-normal-skin" x="36" y="117" width="8" height="8"/>
    <SubTexture name="page-indicator-selected-skin" x="24" y="117" width="8" height="8"/>
    <SubTexture name="panel-background-skin" x="389" y="3" width="14" height="14"/>
    <SubTexture name="picker-list-disabled-icon" x="387" y="21" width="14" height="14"/>
    <SubTexture name="picker-list-down-icon" x="376" y="47" width="14" height="14"/>
    <SubTexture name="picker-list-hover-icon" x="376" y="47" width="14" height="14"/>
    <SubTexture name="picker-list-up-icon" x="352" y="109" width="14" height="14"/>
    <SubTexture name="progress-bar-fill-skin" x="122" y="117" width="4" height="4"/>
    <SubTexture name="radio-disabled-icon" x="360" y="73" width="14" height="14"/>
    <SubTexture name="radio-down-icon" x="352" y="91" width="14" height="14"/>
    <SubTexture name="radio-hover-icon" x="371" y="3" width="14" height="14"/>
    <SubTexture name="radio-selected-disabled-icon" x="369" y="29" width="14" height="14"/>
    <SubTexture name="radio-selected-down-icon" x="334" y="109" width="14" height="14"/>
    <SubTexture name="radio-selected-hover-icon" x="358" y="55" width="14" height="14"/>
    <SubTexture name="radio-selected-up-icon" x="342" y="73" width="14" height="14"/>
    <SubTexture name="radio-up-icon" x="334" y="91" width="14" height="14"/>
    <SubTexture name="simple-border-background-skin" x="14" y="119" width="6" height="6"/>
    <SubTexture name="text-input-background-disabled-skin" x="61" y="3" width="152" height="22"/>
    <SubTexture name="text-input-background-skin" x="10" y="59" width="152" height="22"/>
    <SubTexture name="vertical-scroll-bar-decrement-button-icon" x="111" y="117" width="7" height="4" frameX="0" frameY="0" frameWidth="7" frameHeight="6"/>
    <SubTexture name="vertical-scroll-bar-increment-button-icon" x="100" y="117" width="7" height="4" frameX="0" frameY="-2" frameWidth="7" frameHeight="6"/>
    <SubTexture name="vertical-scroll-bar-step-button-disabled-skin" x="339" y="55" width="15" height="14"/>
    <SubTexture name="vertical-scroll-bar-step-button-down-skin" x="323" y="73" width="15" height="14"/>
    <SubTexture name="vertical-scroll-bar-step-button-hover-skin" x="315" y="100" width="15" height="14"/>
    <SubTexture name="vertical-scroll-bar-step-button-up-skin" x="320" y="55" width="15" height="14"/>
    <SubTexture name="vertical-scroll-bar-thumb-down-skin" x="44" y="3" width="13" height="52" frameX="-1" frameY="0" frameWidth="15" frameHeight="52"/>
    <SubTexture name="vertical-scroll-bar-thumb-hover-skin" x="27" y="3" width="13" height="52" frameX="-1" frameY="0" frameWidth="15" frameHeight="52"/>
    <SubTexture name="vertical-scroll-bar-thumb-icon" x="56" y="117" width="5" height="7"/>
    <SubTexture name="vertical-scroll-bar-thumb-up-skin" x="10" y="3" width="13" height="52" frameX="-1" frameY="0" frameWidth="15" frameHeight="52"/>
    <SubTexture name="vertical-scroll-bar-track-skin" x="81" y="117" width="15" height="4"/>
    <SubTexture name="vslider-thumb-disabled-skin" x="414" y="56" width="13" height="13"/>
    <SubTexture name="vslider-thumb-down-skin" x="406" y="75" width="13" height="13"/>
    <SubTexture name="vslider-thumb-hover-skin" x="405" y="101" width="13" height="13"/>
    <SubTexture name="vslider-thumb-up-skin" x="388" y="101" width="13" height="13"/>
    <SubTexture name="vslider-track-skin" x="3" y="3" width="3" height="79"/>
</TextureAtlas>
